﻿<?xml version="1.0" encoding="utf-8"?>
<abapGit version="v1.0.0" serializer="LCL_OBJECT_PROG" serializer_version="v1.0.0">
 <asx:abap xmlns:asx="http://www.sap.com/abapxml" version="1.0">
  <asx:values>
   <PROGDIR>
    <NAME>ZC8A_005_DEMO_REP</NAME>
    <SUBC>1</SUBC>
    <RLOAD>R</RLOAD>
    <FIXPT>X</FIXPT>
    <UCCHECK>X</UCCHECK>
   </PROGDIR>
   <TPOOL>
    <item>
     <ID>I</ID>
     <KEY>F21</KEY>
     <ENTRY>MODIFY</ENTRY>
     <LENGTH>22</LENGTH>
    </item>
    <item>
     <ID>I</ID>
     <KEY>F22</KEY>
     <ENTRY>UPDATE (не пустых полей)</ENTRY>
     <LENGTH>52</LENGTH>
    </item>
    <item>
     <ID>I</ID>
     <KEY>F23</KEY>
     <ENTRY>DELETE(по ключу)</ENTRY>
     <LENGTH>16</LENGTH>
    </item>
    <item>
     <ID>I</ID>
     <KEY>F24</KEY>
     <ENTRY>UPDATE(пустых полей)</ENTRY>
     <LENGTH>20</LENGTH>
    </item>
    <item>
     <ID>I</ID>
     <KEY>M01</KEY>
     <ENTRY>Показательный прогон завершен.</ENTRY>
     <LENGTH>60</LENGTH>
    </item>
    <item>
     <ID>R</ID>
     <ENTRY>Прогр. ZC8A_005_DEMO_REP</ENTRY>
     <LENGTH>24</LENGTH>
    </item>
    <item>
     <ID>S</ID>
     <KEY>ANYTAB</KEY>
     <ENTRY>Через Class AnyTab</ENTRY>
     <LENGTH>26</LENGTH>
    </item>
    <item>
     <ID>S</ID>
     <KEY>BCKG</KEY>
     <ENTRY>В отдельном процессе</ENTRY>
     <LENGTH>31</LENGTH>
    </item>
    <item>
     <ID>S</ID>
     <KEY>DO_BREAK</KEY>
     <ENTRY>ВклОтладку (Debug Mode)</ENTRY>
     <LENGTH>31</LENGTH>
    </item>
    <item>
     <ID>S</ID>
     <KEY>FUNCWAY</KEY>
     <ENTRY>Через ФМы обновления</ENTRY>
     <LENGTH>28</LENGTH>
    </item>
   </TPOOL>
  </asx:values>
 </asx:abap>
</abapGit>
